id,peak weights,peak biases
<class 'int'>,<class 'list'>,<class 'list'>
1620,"[[array([[-1.27816509,  1.31323388],
       [-0.66861226, -0.0738977 ],
       [ 0.25827183, -1.05823489],
       [ 1.30270796, -0.64824245],
       [ 0.36233171,  0.13138857],
       [-0.86133883,  0.9322033 ],
       [ 0.35743842, -0.02646285],
       [-0.50293946,  1.03325685],
       [ 1.73296732, -2.14281714],
       [-1.02672905,  1.05591929],
       [-0.99981333,  0.1125117 ],
       [-0.32275575, -0.10253138],
       [ 0.60817884, -0.25335878],
       [ 2.31622658,  0.56326146],
       [ 0.24357746, -0.8950808 ],
       [-0.74008308, -0.60213076],
       [-0.71513314, -1.25219588],
       [ 1.39967254, -1.87084903],
       [-0.50944786,  0.99885723],
       [-0.49069635,  1.06969556],
       [ 1.07854086,  0.34512195],
       [ 0.21205768, -0.97853373],
       [-0.17704047,  1.36313096],
       [-0.75004431, -1.30097774],
       [-0.19148659, -0.47351689],
       [ 0.37425319, -0.28608373],
       [-0.32294159, -0.79063448],
       [-0.57424666,  0.70964828],
       [-0.8206788 , -0.6063706 ],
       [-1.3321585 , -0.67229941],
       [ 0.29258449, -1.43968501],
       [ 0.61698922,  0.79383072]]), array([[ 1.24353364e-01, -1.51313581e-02,  1.15721320e-01,
         1.55312781e-01, -1.95670135e-01, -5.19517345e-01,
         1.90105452e-01,  3.47402924e-01, -4.72777781e-01,
        -3.29151379e-01,  3.02153257e-01,  1.12587293e-01,
         1.40610789e-01, -1.75781590e-01,  4.26828328e-02,
         5.23013517e-01, -3.82111548e-01, -9.53310037e-02,
        -1.72036620e-01,  1.42853216e-02, -1.92202362e-01,
        -2.49478497e-01,  1.42926669e-01,  1.56564084e-01,
        -4.22396638e-01, -7.46648105e-02, -8.56391800e-02,
        -5.17296942e-02, -5.24660297e-02, -1.36939346e-01,
         1.89363317e-01, -1.11283007e-01],
       [-1.20974131e-02,  2.30770551e-01, -2.38763477e-01,
         5.57620783e-02,  3.98263223e-01,  3.18206378e-01,
        -1.35987439e-01, -1.20876338e-03, -3.07838880e-01,
        -2.45710013e-01, -2.83614698e-01,  1.50028498e-01,
        -1.72435168e-01, -1.76066530e-01, -1.35401207e-01,
        -6.86103792e-02, -4.37444105e-01, -1.59561823e-01,
        -3.78809903e-01, -2.65092827e-01,  1.06034789e-01,
        -5.66663624e-02, -4.89760714e-02, -2.58547017e-01,
        -4.57157203e-01, -4.28708152e-02, -3.88436985e-01,
        -3.11302798e-01, -3.50689373e-03,  4.31360216e-01,
        -3.54146619e-01,  1.03703074e-01],
       [ 3.41807645e-01, -4.49129126e-01, -3.10983935e-01,
        -5.66525413e-02, -3.43234148e-01,  6.56039483e-01,
        -2.36552215e-01, -2.11284341e-01,  1.14803297e+00,
         7.60372075e-01, -7.85164498e-02, -4.38105754e-02,
        -1.41867900e-01,  4.56887274e-01, -6.50223809e-01,
         3.50569338e-01,  2.54213990e-01,  3.50554810e-01,
        -1.58956288e-02, -1.69489750e-01,  7.69495618e-02,
         2.04368601e-01,  3.78866940e-01,  6.84559475e-01,
         2.68814853e-01, -6.30361789e-01,  8.23228313e-01,
         5.99361520e-01, -5.16270868e-02, -2.19524874e-01,
        -4.27610397e-01, -7.68412699e-02],
       [-1.88069441e-01,  1.37055627e-01,  4.22376507e-01,
        -1.45329051e-01, -1.72763421e-01, -2.12867555e-01,
        -3.24914518e-01, -3.24801786e-01, -6.18668815e-01,
        -8.75129928e-03,  1.36248355e-01,  2.50018162e-01,
        -5.55914249e-01, -1.01782920e-01,  3.73621298e-01,
         4.39297621e-01,  2.31160424e-01, -2.58110233e-01,
        -2.77031164e-01,  2.38573499e-01, -1.56421768e-01,
         6.76131155e-01,  1.87848416e-02, -1.10813320e-01,
        -9.76851853e-03, -1.26197602e-01, -1.29138254e-01,
        -3.06711100e-01, -2.51854721e-01, -3.38755874e-01,
         1.27792268e-01, -3.27207621e-01],
       [ 2.17708360e-02, -2.96563448e-01,  2.68273192e-01,
         8.08517923e-02,  8.23677760e-02, -4.94481726e-02,
        -7.58765103e-02,  2.14871335e-01, -1.18040539e-01,
        -2.32591161e-01, -1.74782421e-01, -3.33934512e-01,
        -3.00409589e-01,  2.38842191e-01,  7.52002482e-02,
         5.13430078e-02, -1.49404723e-02, -2.74623078e-01,
        -1.44980934e-01,  3.12544796e-02, -5.38689108e-02,
        -1.75812044e-02, -4.91002623e-01, -3.89552699e-01,
         2.18459167e-01, -9.15664599e-02,  3.12217700e-01,
         7.36174400e-01, -7.83797437e-02, -5.16932564e-01,
        -2.35020792e-01,  1.48610364e-02],
       [-5.83420068e-01, -1.82106090e-02, -2.36910169e-01,
         3.62615878e-02,  2.02153213e-01, -3.93591831e-01,
        -2.40512721e-02,  1.08065388e-01, -5.67194426e-01,
        -7.29291834e-01, -2.11802351e-01, -9.03417804e-02,
         7.58949577e-02, -1.26682630e-01, -2.69546825e-01,
        -3.26767055e-01,  3.89138245e-02, -3.78200252e-01,
         3.45707398e-01, -9.96212128e-05, -1.96800664e-01,
        -1.54237222e-01,  1.61235286e-01, -2.49144352e-01,
         1.23653321e-01,  4.84908029e-02,  2.99419469e-01,
        -5.84570473e-01, -3.73553453e-02,  2.68726184e-01,
        -3.26904386e-01,  4.08687296e-01],
       [ 5.49933677e-02, -1.22156990e-01, -6.18579178e-01,
        -2.12981562e-01, -4.05676779e-01, -4.83959947e-02,
         1.67528133e-01,  1.39162061e-01,  1.83165743e-01,
        -1.10834460e-01, -2.39761251e-01,  1.42085994e-01,
        -2.85724277e-01, -2.46265692e-01,  3.97095653e-02,
         1.03153845e-01, -3.44095545e-01, -1.47282216e-01,
        -2.83560737e-01, -2.55605745e-01, -2.77639831e-01,
        -1.62592668e-01,  2.74341192e-01,  1.00576398e-01,
        -4.04746467e-01,  1.04617889e-01, -2.26159170e-02,
        -5.89874560e-02, -2.44415043e-02, -2.49563381e-01,
         8.55553021e-02, -3.64659640e-01],
       [ 5.31384179e-01,  8.60988148e-02,  3.06416008e-01,
        -1.36527573e-03,  1.13846608e-01,  2.37471280e-01,
         3.80527501e-01,  1.93372984e-01,  1.97641818e-01,
         1.66242880e-01,  2.16687202e-01, -2.23339118e-01,
         2.70027188e-01, -1.21064405e+00, -1.66595607e-03,
         9.47421177e-02,  2.58020344e-01,  4.59813882e-01,
         4.71024120e-01,  1.64002709e-01, -9.10059283e-01,
         4.08231725e-01,  2.72719057e-01,  9.19937506e-02,
         4.76803574e-01,  1.64752599e-01,  5.55777900e-01,
         1.98594049e-01,  4.43364247e-02, -4.33448141e-01,
         7.75595841e-02, -6.85376165e-01],
       [-1.08925584e-01,  2.83156966e-01, -4.27109679e-01,
        -7.90496435e-01, -3.43230890e-01, -4.74724521e-02,
         5.88067351e-01,  1.43366316e-01, -9.03111704e-01,
        -4.61089653e-02, -3.21909753e-01,  1.82884329e-01,
         1.19557826e-01, -2.80471803e-01, -2.55553061e-01,
         1.74140865e-01,  5.46194590e-02, -2.84934528e-01,
        -4.91608456e-02,  4.58131957e-01,  6.88843971e-02,
        -1.39948672e-01,  6.97028234e-03,  2.74354817e-01,
        -2.47196152e-01, -3.51419546e-01, -3.13265834e-01,
        -8.97289033e-02,  5.61170056e-02,  5.28975391e-01,
         4.08046804e-03,  8.05415961e-01],
       [ 3.20696982e-02,  4.37479120e-01, -2.75516985e-01,
        -4.08171691e-01,  9.07998419e-02, -5.30957741e-01,
         8.08826331e-02, -8.18404073e-01, -6.77257085e-01,
        -2.59374570e-01,  3.71553258e-01, -4.46189246e-01,
        -9.18691228e-02, -1.88802737e-01, -5.86125855e-01,
         6.31164862e-01,  4.76600428e-01, -2.92971363e-01,
        -5.71727473e-01, -3.67161569e-01, -2.53083753e-01,
        -2.26054060e-01,  1.50688077e-01,  5.65435576e-01,
         3.57690227e-01, -1.41539526e-01,  2.67576776e-01,
         7.29416276e-02,  8.76410172e-02,  7.69631709e-01,
        -2.27584834e-01, -6.94454137e-02],
       [-9.51473445e-02, -3.08012540e-02,  2.74571822e-02,
        -7.42856640e-01,  4.80223491e-02,  1.45299148e-01,
        -9.01432362e-02,  7.62243036e-01, -2.20349458e-01,
         6.66211932e-01,  4.64600913e-01,  1.87082251e-01,
        -2.30697487e-01, -4.57716351e-01,  1.50589506e-01,
        -8.33445074e-02, -6.51287511e-02,  4.58614268e-02,
         8.11775575e-01,  5.50681008e-01, -6.32930870e-02,
        -2.66485773e-01, -5.56222921e-02, -4.95910087e-01,
        -5.67118239e-02, -2.15576443e-01, -9.41702606e-02,
        -3.40300883e-01, -2.65634948e-01,  1.26532340e-01,
        -4.17410400e-01, -1.08085817e-02],
       [ 2.42920971e-01,  6.98820741e-03,  4.20813995e-01,
        -4.47108102e-01, -1.85613677e-01, -1.07712155e-01,
        -1.34230350e-01, -1.54144070e-01, -4.79508742e-01,
         2.60725743e-03, -5.97781027e-01, -1.38932978e-01,
         1.73566903e-02,  5.43845902e-01,  1.97851908e-01,
        -1.42294222e-01, -2.38652642e-01, -8.23248035e-01,
         3.48863950e-02, -9.81231365e-02,  5.21315512e-01,
         4.65109528e-02,  4.13950464e-01,  1.49748495e-01,
         2.84343574e-01, -2.89829413e-01,  3.41500852e-02,
        -1.91415652e-01, -4.39819819e-02, -5.32101583e-01,
         1.86116844e-01, -1.00630001e-02],
       [ 2.91857795e-01, -1.70178821e-01, -3.31795162e-01,
        -2.97433904e-01,  2.88718646e-02,  8.22989236e-02,
        -2.05855204e-02, -4.28570051e-01, -9.19779518e-02,
         7.31099894e-02,  3.51678537e-01,  2.07697089e-01,
         2.66521574e-02,  1.30732409e-02, -5.45669627e-01,
        -2.61208613e-02,  4.30248107e-02, -4.00678551e-01,
        -3.55748067e-01, -4.13494515e-01,  4.27700542e-01,
        -3.26601140e-01,  1.99914288e-01, -2.08634760e-01,
         2.84857571e-01,  2.91337044e-01, -2.66789419e-02,
         3.51277912e-01, -6.18517601e-02,  2.06326405e-01,
         1.93180273e-01, -3.33293810e-01],
       [-1.33595595e-02, -2.73826548e-01, -1.50607525e-01,
         2.02348479e-01, -1.66383327e-02,  1.21199369e-02,
         5.88218034e-02,  2.15451862e-01, -2.59374037e-01,
         8.08414164e-01, -5.45549376e-02, -1.51262317e-01,
         2.73697549e-01,  2.17985462e-01, -2.38804021e-01,
         1.00547246e-01, -6.68954267e-01, -3.93660657e-02,
        -1.05009243e-01,  4.53142097e-01,  2.90351315e-02,
        -3.98774188e-01,  4.05091599e-01, -2.61340578e-01,
        -1.56204030e-01, -2.74535755e-01,  3.00794681e-01,
         3.67296816e-01, -2.60326036e-01, -3.58616731e-01,
        -2.09478132e-01, -8.81082539e-02],
       [-5.58447514e-01, -1.57255989e-01, -4.48289542e-03,
         1.56117817e-01,  8.07361832e-03, -3.79218932e-01,
        -2.36205189e-01,  3.25708987e-01, -2.98363268e-01,
        -7.29906462e-02, -7.52055558e-02, -1.42402296e-02,
         3.73105380e-02, -7.53489958e-01,  4.26938761e-01,
        -1.95134557e-01, -1.99034825e-02, -1.45043442e-01,
        -3.54998862e-01,  1.86627162e-01, -1.15188490e-01,
         1.43390065e-01, -7.81281298e-02,  4.30538436e-01,
         1.36256441e-01,  3.92128850e-01,  1.84767310e-01,
         6.13826780e-02,  2.88566538e-02, -9.05457207e-02,
         3.76106032e-01,  1.39464643e-01],
       [ 3.11794598e-01, -7.45296380e-02,  8.43271330e-01,
         5.55681125e-01,  1.63577512e-01, -8.35740554e-02,
         2.31791230e-01,  3.07213847e-01, -5.57795605e-01,
         3.77556252e-01, -3.31397035e-01,  1.04302725e-01,
         5.17607109e-02, -4.12348701e-02,  1.11746208e-01,
        -4.08379694e-01, -4.78187054e-01, -1.18676059e+00,
         2.74220429e-01,  1.49938779e-02, -2.68032001e-02,
        -2.46069882e-01,  1.92246478e-01, -9.05736340e-01,
        -7.53806591e-02, -1.92576721e-02, -4.34315308e-01,
        -1.50979005e-01, -3.70987580e-01, -3.81440745e-01,
        -1.65069430e-01, -1.01935567e-02]]), array([[-0.27950853, -0.68162265,  0.38707279, -0.5567558 ,  0.34284173,
        -0.46548737, -0.13339897,  0.63229905, -0.79227809,  1.30016464,
        -0.52274829, -1.18414142,  0.43405294, -0.56735779, -0.25703658,
        -0.4999754 ],
       [ 0.18508581, -0.46756859, -0.08852337, -0.06763817,  0.04442102,
         0.00306334, -0.89573022, -0.79395316,  0.35748355,  0.66000923,
        -0.87832912,  0.24363331, -0.05972266, -0.15784841, -0.03456974,
        -0.02895802],
       [ 0.15879615,  0.01584664, -1.47410898, -0.12925046,  0.13792118,
         0.57043478,  0.26347891, -0.53242077, -0.84877326,  0.08832176,
        -1.22285097,  0.6798181 , -0.25792863,  0.08111069, -0.32685516,
         0.84419217],
       [-0.71836028,  0.47206627, -0.41093058,  0.00879767, -0.28024067,
         0.08025442, -0.4824996 , -0.4682446 , -0.18590238, -0.08184859,
         0.12127795,  0.11616139,  0.09865911,  0.19122078,  0.06582889,
        -0.66065477],
       [ 0.36163053, -0.21834212, -0.55596789,  0.76286661, -0.25060755,
         0.30189752, -0.50371226, -0.93909483,  0.49455494,  0.39951337,
        -0.35708733, -0.040113  , -0.30722056, -0.45820642, -0.26734986,
        -0.65965572],
       [-0.0520203 , -0.19000408,  0.36056127, -0.41303633,  0.1653903 ,
        -0.00900856, -0.45743116, -0.84536853,  0.12365261, -0.05487128,
        -0.19992939,  0.08545155,  0.37363867,  0.16486482, -0.39620323,
        -0.23255444],
       [-0.15233656,  0.22323865, -0.60323746, -0.3104019 , -0.10085683,
        -0.30423874, -0.12608601,  0.81071216,  0.1266832 , -0.09462041,
        -0.13299611,  0.46473662, -0.60641421, -0.39642094,  0.52022508,
        -0.55191485],
       [ 0.03039435, -0.51733782, -0.26441244, -0.38993745,  0.10167808,
        -0.32568925,  0.41444523, -0.47535266, -0.086088  , -0.73113342,
         0.01965187,  0.56028465,  0.67783405, -1.166213  ,  0.27502072,
        -0.50579917]]), array([[ 0.90060199, -0.83671641,  1.82862972, -0.29053427, -1.35685119,
        -0.5444902 , -0.75259745, -0.96345437]])]]","[[array([[-0.20047213],
       [ 0.01368336],
       [ 0.46910799],
       [ 0.13364898],
       [ 0.27640604],
       [ 0.16553973],
       [ 0.20612771],
       [ 0.70235316],
       [-1.27081177],
       [ 0.32521765],
       [ 0.01156092],
       [ 0.41994742],
       [ 0.04442303],
       [-0.74209723],
       [ 0.81315401],
       [-0.26709386],
       [-0.39910807],
       [-0.96817797],
       [ 0.41311661],
       [ 0.53318621],
       [-0.15305515],
       [-0.11699481],
       [-0.26535547],
       [-0.39367513],
       [-0.5887691 ],
       [ 0.41813564],
       [-0.85996199],
       [-0.34195176],
       [-0.27412871],
       [-0.26688425],
       [ 0.42377622],
       [ 0.22066322]]), array([[ 0.23273294],
       [-0.02149217],
       [-1.48831348],
       [ 0.43668448],
       [-0.01696118],
       [-0.00655298],
       [ 0.03465385],
       [-0.52719559],
       [ 0.64644659],
       [-0.48982792],
       [ 0.39308563],
       [ 0.03236133],
       [-0.2337143 ],
       [ 0.06095657],
       [ 0.36115238],
       [ 0.61727082]]), array([[-1.15297385],
       [-0.15287149],
       [ 0.79502314],
       [-0.03480845],
       [ 0.19944766],
       [-0.18239062],
       [ 0.39443588],
       [ 0.06873312]]), array([[-0.6440265]])]]"
1520,"[array([[ 0.62985223,  0.85998449],
       [ 0.8165409 ,  0.78971088],
       [ 0.52071681, -0.60905387],
       [ 0.25264259,  0.52794003],
       [-0.70448764, -1.03660311],
       [-1.02196441,  0.14837617],
       [ 0.01476288, -0.09279883],
       [ 3.2813453 , -0.85362902],
       [ 0.18775744,  0.94072804],
       [ 0.38568929, -0.53639075],
       [-0.36288616,  1.30814733],
       [-1.44554558, -0.42669791],
       [-0.73028473, -1.29340339],
       [ 1.04639151,  0.16545437],
       [-0.10967288,  1.05160285],
       [-0.16348991,  0.23325197],
       [-0.96261104,  0.70246201],
       [-1.62257671, -1.9586385 ],
       [ 1.76607222, -0.48753783],
       [ 0.90677316, -1.01073562],
       [-0.75655952, -1.18360187],
       [-0.55987307,  0.19355186],
       [ 1.29596987, -0.20972538],
       [-0.90254344, -1.13384008],
       [ 0.84890773,  0.88804101],
       [ 0.52210346, -2.12283894],
       [-0.20163508, -0.64066514],
       [ 0.12186212, -0.87254692],
       [-0.60481449, -0.69336938],
       [ 0.5954696 , -0.7456708 ],
       [-0.46140482, -0.11696953],
       [ 0.91852964,  0.12713154]]), array([[ 1.75991401e-01, -4.48229202e-01,  1.57415229e-01,
         1.66007162e-01, -1.25257481e-01,  2.18690376e-02,
         4.08776533e-01, -4.30368890e-01, -3.09299627e-01,
        -1.40090619e-01,  2.97086443e-01, -2.81280867e-01,
        -3.90126614e-02,  9.31005035e-02,  5.41904391e-01,
         1.21529788e-01,  9.74270174e-03, -3.69595344e-01,
        -2.48909341e-01, -1.18703747e-01,  3.34476127e-01,
        -4.23981719e-02, -2.96590251e-01,  1.18411002e-01,
        -4.73147821e-01,  1.04228738e-01,  4.40420033e-01,
        -1.12140418e-02, -6.68809984e-01, -1.97469160e-01,
        -8.38105358e-02,  2.85338986e-01],
       [ 3.95160034e-01,  3.68751090e-01, -2.65717322e-01,
         5.11472844e-02,  8.16051467e-02, -3.09997690e-01,
        -2.61135859e-01, -9.22974967e-01,  8.14252131e-01,
        -3.16262583e-01,  6.10386209e-01, -4.78402041e-01,
         1.19216371e-01,  8.19010736e-02,  2.74711896e-01,
         1.58994783e-01, -3.03412860e-01, -5.74791791e-01,
        -4.26929618e-01, -2.62020051e-01, -4.68789981e-01,
        -1.20138857e-01,  1.34685947e-03, -7.11343769e-01,
         1.47626247e-01, -5.86848588e-01, -2.01349779e-01,
         2.12200948e-02, -2.00045155e-01,  3.92790669e-01,
        -3.25834516e-01, -2.86739367e-01],
       [ 8.34651964e-02,  1.47271639e-01, -3.26759040e-02,
        -5.92459505e-01,  7.88495384e-02, -4.62283484e-01,
         2.07161732e-01, -6.12344546e-01, -2.55045147e-01,
        -3.48320186e-01,  1.73854301e-01, -4.63216716e-01,
        -2.89727697e-01,  3.49969878e-01, -7.27301366e-02,
        -1.78619279e-01,  1.29610426e-01, -2.33300174e-01,
        -3.90786638e-01, -1.54576702e-01, -4.56636093e-01,
        -7.32710854e-02,  1.90582599e-01,  1.89109517e-01,
         2.54532927e-01, -6.90763989e-02,  2.96348230e-01,
         2.65213091e-02,  8.27909096e-02, -6.32068816e-02,
         2.85881564e-01,  8.78293637e-02],
       [ 3.30626590e-01,  3.66830825e-01,  3.30583234e-01,
         1.12567618e-01, -1.46616365e-01, -3.22800802e-01,
        -3.48700803e-02, -2.02176692e-01,  3.53399320e-01,
         7.06826210e-02,  5.03667278e-02, -2.38419552e-01,
        -2.31927750e-01, -5.60696043e-01,  4.41427743e-01,
         1.81606498e-01, -1.32320089e-01, -7.84644206e-02,
        -7.09741814e-02,  2.34882594e-01,  9.52031082e-02,
         1.90700583e-01, -2.94262063e-01, -6.39385682e-01,
         4.20421012e-01,  6.86668940e-02, -2.64304528e-01,
        -1.74798540e-01, -3.30799741e-01,  3.21111166e-01,
        -5.62091097e-01, -3.70698187e-01],
       [ 6.57969685e-01,  3.50748179e-01, -3.81149872e-01,
         2.73177597e-01, -8.99820011e-02,  2.00741509e-01,
         1.65034961e-01, -3.65218190e-01,  9.85084452e-02,
        -1.33450493e-01,  1.91541108e-01, -1.60362297e-01,
        -2.62057145e-01,  4.85993164e-02, -1.29056758e-01,
        -3.88322278e-01,  1.00127500e-01, -1.87586028e-01,
         4.15548320e-02, -4.34181072e-01, -3.91547325e-01,
        -2.57882772e-01,  2.09440506e-01, -3.19193112e-01,
         2.59624222e-01, -2.69971141e-01,  2.38281669e-02,
         3.90596266e-02,  3.84195086e-01, -5.07694467e-01,
        -1.73481414e-01, -8.26031082e-02],
       [ 3.54478882e-01,  4.17168984e-02, -3.96790216e-02,
        -3.27365307e-02, -4.09900764e-01, -2.77909979e-01,
         3.15629302e-01, -2.85480520e-02,  7.51888995e-01,
        -4.45073288e-01,  3.63942937e-01, -1.47006877e-01,
         3.60993337e-01, -2.40227021e-01, -1.92840214e-01,
         3.68388959e-01, -2.51747349e-01,  4.87322306e-02,
        -1.84133872e-02, -1.56892162e-01, -2.60624931e-01,
        -8.97032865e-02, -1.34215819e-01,  3.17255480e-01,
         3.72364050e-01, -3.77370608e-01,  4.57504335e-01,
        -1.08328916e-01, -1.61842005e-01, -1.52419633e-01,
        -1.14600365e-01, -4.89191349e-01],
       [-4.33792130e-01, -1.44494472e-01,  3.16701265e-01,
        -8.55221642e-02, -8.55009629e-02,  1.34450043e-02,
        -3.64208267e-01, -4.87989830e-01,  8.34029261e-01,
         1.27192406e-01,  1.90436034e-01,  1.18454344e-01,
        -2.93490835e-01, -1.03737731e-01,  3.95335989e-01,
        -8.02378464e-02,  2.96280409e-01, -4.16233375e-01,
         3.80020600e-01,  3.68157396e-01, -4.99694129e-01,
         2.08242388e-01,  1.21883672e-01,  3.92846663e-02,
        -1.34783880e-01,  9.79468513e-02,  6.26027039e-02,
        -2.02636125e-01, -2.61486344e-01, -5.76555153e-02,
        -2.05329533e-01, -3.52346954e-01],
       [ 3.22680750e-01, -9.53775376e-02, -2.34865150e-02,
         7.98376732e-02, -6.91934189e-02, -1.66138439e-01,
         1.57405681e-01, -1.65430698e-01, -2.19832954e-01,
        -4.30233012e-01, -7.55233195e-02, -9.67797924e-02,
        -7.16926889e-02,  5.35509051e-02, -3.02483243e-01,
         6.45835777e-02, -3.24854512e-01, -9.85659622e-02,
        -2.46450131e-01, -1.25372166e-01, -1.95883332e-01,
        -2.40440037e-01, -4.92328297e-02, -1.73911958e-01,
         4.56128521e-01,  4.09852195e-01, -1.55585388e-01,
         1.63352968e-03, -6.61673236e-01, -1.83063282e-01,
        -2.66286750e-02, -4.53136906e-01],
       [ 3.27041244e-01, -4.31761126e-01, -2.63357154e-01,
         4.53685475e-01,  2.26741877e-01,  2.20891918e-01,
         1.28799767e-01, -2.33954704e-02,  1.85488481e-01,
         1.62674545e-01, -1.69117075e-01,  1.31304804e-02,
         3.29864661e-01,  2.00257752e-01,  2.66338402e-01,
        -8.24481412e-02, -4.00139703e-01, -2.63212339e-02,
        -1.35011133e-02, -6.01511651e-01, -6.14841020e-01,
         7.76788148e-02, -2.45512797e-01,  1.58222564e-01,
         4.76999214e-01, -3.60592340e-01, -2.25082923e-01,
         3.77552291e-02, -2.85978502e-01, -2.34761621e-01,
        -3.07216956e-01, -9.56402664e-02],
       [-2.13425362e-01,  1.71446505e-01,  2.23863872e-01,
        -1.00419105e-01, -3.57803432e-01, -9.14729575e-02,
        -9.44508139e-02, -7.85517823e-02,  1.97084611e-01,
        -1.29467248e-01, -1.29328657e-01,  2.52021445e-01,
         1.29006354e-01, -1.91394337e-01, -8.90211827e-02,
        -9.41723837e-02, -1.84920272e-01, -3.76715614e-01,
        -3.99119754e-01, -3.06062734e-01,  1.10362930e-03,
         1.67585388e-01, -3.49435436e-01,  2.42166045e-01,
         4.18872940e-01,  1.63734104e-01, -3.39023646e-01,
        -6.60598995e-02,  1.73457264e-01, -2.92614836e-01,
        -1.49516724e-01,  3.51719060e-01],
       [ 4.58778671e-01, -2.23645102e-01, -2.79099704e-01,
         5.32850137e-01,  1.09016494e-01,  1.52336930e-01,
         1.58819975e-01, -2.88647507e-01, -1.80569377e-01,
         1.35447537e-01,  1.26524483e-01, -2.85268541e-01,
        -4.17526903e-01,  5.04598075e-01,  9.07915229e-02,
        -2.66939466e-01, -8.12387066e-01, -1.54062057e-02,
        -3.24614911e-01, -3.68635987e-01, -8.99042723e-02,
        -2.53419489e-01,  5.62488431e-02, -1.89271995e-01,
         6.49775665e-02,  2.81772364e-01, -3.98437701e-03,
        -4.18483306e-02, -1.46760521e-01,  1.82566366e-02,
        -1.73576232e-01,  4.33575768e-01],
       [ 1.69168884e-01,  3.75933940e-01,  1.84710753e-01,
         3.37597891e-02, -4.23558875e-01, -2.84049871e-01,
        -1.61854130e-01, -7.58949124e-01, -7.86154478e-02,
        -7.88134995e-05, -2.99888519e-01, -4.48285809e-01,
         1.31702827e-01,  1.34810777e-01,  1.55737172e-02,
        -8.29395471e-02, -1.37644475e-01, -1.66306715e-01,
        -6.71835482e-01, -2.42312005e-02,  8.26920100e-02,
        -1.51849126e-01, -1.41131729e-01, -4.12179125e-01,
         1.58985118e-01,  2.59971750e-01, -3.15983737e-01,
         4.02137470e-01, -2.09616185e-01,  1.24571826e-01,
        -4.62384235e-02,  9.64874213e-02],
       [ 2.21525046e-01,  7.68616184e-01,  3.01235881e-02,
        -2.65475509e-01, -2.03050108e-01, -4.09666965e-01,
         3.41319583e-02, -6.68273112e-01, -3.55095502e-01,
        -1.47355065e-01,  6.71625535e-02, -7.66017209e-03,
        -1.70269968e-01,  2.10314213e-01,  5.28513620e-01,
         2.52429056e-01, -6.18091943e-01, -2.04145292e-01,
        -6.75575772e-02,  4.84396346e-01,  2.19778537e-01,
         2.57904124e-01,  9.55803751e-02, -4.19758865e-01,
         2.47800528e-01, -1.24255207e-01,  2.33314616e-01,
         4.92806983e-02,  5.33284109e-01, -2.53465936e-02,
        -3.16621472e-01, -2.50373642e-01],
       [ 6.11056046e-02, -1.20711726e-02, -3.72987035e-01,
        -2.20134107e-01, -3.35603637e-01,  3.97742793e-01,
        -1.95661285e-01, -2.22177592e-01,  2.33107014e-01,
        -5.76447385e-02,  5.01459031e-01,  3.16955672e-01,
        -7.25038937e-02, -2.58658479e-01,  7.51177704e-02,
         3.55195074e-02, -1.84922368e-01, -2.33694639e-01,
         6.90559345e-02,  8.05236499e-02, -8.73563114e-02,
         3.86298199e-02, -5.91835643e-02, -2.21293924e-01,
         8.03119598e-02,  2.12726403e-01,  5.83466647e-02,
         5.65461900e-02, -1.10300156e-01, -9.85428097e-03,
         3.26965496e-01,  2.05696015e-01],
       [ 1.21793410e-01,  1.34928847e-01, -4.73245494e-01,
        -5.53366630e-01,  9.75962081e-02, -4.91138417e-03,
         9.56127687e-02,  5.56772103e-01, -9.58409074e-02,
         1.42874749e-01, -2.33445562e-01, -1.89244864e-02,
        -5.55568151e-01,  2.28722665e-01, -3.39253288e-01,
        -1.96874867e-01, -4.47192504e-01, -2.05608632e-01,
         4.95519528e-01,  2.61511890e-02, -8.68285897e-01,
        -2.89916838e-01,  2.09051120e-01, -3.59182971e-01,
         3.83995604e-02, -5.92975291e-01,  8.31056331e-02,
        -4.44607333e-01, -3.22051113e-02,  7.68672394e-02,
         1.37467572e-01, -1.34086999e-01],
       [-2.24644290e-01,  6.39605314e-01, -2.46194406e-01,
        -2.37022067e-01, -8.07664266e-02,  2.16672140e-01,
        -7.19117524e-02, -1.34247282e-01, -7.93972784e-01,
         7.68384038e-02, -1.44059306e-01,  1.97001809e-01,
        -6.65225152e-02, -3.60554834e-01,  3.92000460e-02,
         1.80733146e-01, -1.81085676e-01, -3.10067655e-01,
        -1.88239123e-01, -3.96431555e-01, -2.40683209e-01,
        -4.30488412e-01, -2.60705785e-01,  1.10078599e-01,
        -4.94039243e-01, -3.01820876e-01,  1.41251417e-01,
         2.39378868e-01,  7.52184085e-02,  6.08578202e-02,
        -5.66817618e-02,  5.66377985e-02]]), array([[ 0.33958443, -0.92540069, -0.10089715, -0.16097266,  0.66995417,
         0.16151253,  0.39630516, -0.40622904,  0.46297472,  0.62481036,
         0.31776422,  0.02738643, -0.44886215, -0.48662162, -0.16055235,
        -0.35220327],
       [-0.88962173,  0.26148218,  0.85983389, -0.39600671, -0.3745317 ,
        -0.11984198,  0.02972348, -0.4166386 , -0.06573115,  0.01677653,
         0.14316278,  0.03479976,  0.17800026,  0.42210954, -0.14667087,
         0.00612786],
       [-0.40626414, -0.55805321, -1.23538717, -0.61939736, -0.2489132 ,
        -0.12769702, -0.3318317 , -0.76262602, -0.12012606, -0.44794572,
        -0.28517124, -0.8504642 , -0.67460536, -0.36299193, -0.53569773,
        -0.5123397 ],
       [ 0.53427513, -0.40475802,  0.12528195, -0.1739785 ,  0.04124535,
        -0.29339203, -0.11885498,  0.09417992, -0.2665866 , -0.36807867,
         0.18765463,  0.1767055 ,  0.99604939, -0.20485628, -0.0773167 ,
        -0.10383403],
       [-0.4240274 ,  0.47588604, -0.37919638, -0.20669414, -0.42472335,
        -0.35769255, -0.32168389, -0.01052407, -0.35204419,  0.89460518,
        -0.50611151,  0.18019573,  0.51312396, -0.28177862,  0.55196307,
        -0.08471513],
       [ 0.02120178, -1.53072   ,  0.14991624, -0.03355395, -0.28146419,
         0.14940696,  0.96043864, -0.06071056,  0.02583992, -0.13233383,
        -0.21793568, -0.43518951, -0.60188731,  0.03025845, -0.69273989,
        -0.3869372 ],
       [ 0.36028586,  0.09900541, -0.30431179, -1.02676803, -0.07886228,
        -0.35186212,  0.11967593, -0.02529806,  0.1049392 ,  0.38040081,
         0.49086951,  0.14742747,  0.24670715, -0.10085922, -0.59737082,
         0.92982628],
       [ 0.6044206 , -0.38447636,  0.09675549, -0.51984854,  0.22608866,
        -0.50134285, -0.45669914,  0.14531916,  0.0892093 , -0.08621686,
         0.39342566,  0.36117104, -0.05590556,  0.37763497, -1.07141798,
         0.00183361]]), array([[ 0.63029232, -0.497965  ,  1.8856784 ,  0.21332478, -0.53507564,
         1.54541513, -1.03734021, -1.48357792]])]","[array([[ 0.15185673],
       [-0.33496394],
       [-0.2289371 ],
       [ 0.4326727 ],
       [-0.04341459],
       [ 0.04506956],
       [-0.03316697],
       [-0.3167945 ],
       [-0.48356806],
       [-0.14991694],
       [-0.15839226],
       [-0.16810669],
       [ 0.04857966],
       [ 0.09779301],
       [ 0.0145742 ],
       [-0.10996235],
       [-0.03202975],
       [-0.10196662],
       [-0.27404085],
       [-0.29329815],
       [-0.0148562 ],
       [-0.08215015],
       [-0.01005574],
       [ 0.02375881],
       [-0.21229582],
       [-0.30036627],
       [-0.03239074],
       [ 0.10395524],
       [ 0.12483913],
       [-0.17290971],
       [ 0.27117228],
       [ 0.07760281]]), array([[ 0.15006122],
       [ 0.05917254],
       [-0.06467682],
       [-0.57818048],
       [ 0.3332334 ],
       [-0.27957275],
       [-0.18659834],
       [ 0.09736071],
       [ 0.22615809],
       [-0.06487842],
       [ 0.16074301],
       [ 0.1303921 ],
       [ 0.01697047],
       [-0.26879314],
       [-0.40472384],
       [ 0.10202094]]), array([[-0.24344092],
       [-0.18182241],
       [-1.36254791],
       [-0.20121298],
       [-0.35360443],
       [-1.05652821],
       [ 0.68953088],
       [ 1.15888725]]), array([[1.75356384]])]"
